sno,Temperature,Pressure
1,86,0.03096417234
2,46,0.1070035115
3,32,0.3272160331
4,96,0.4642294605
5,28,0.9971552114
6,28,0.7433871645
7,40,0.2203012794
8,99,0.819329807
9,80,0.4872164244
10,89,0.3190625795
11,40,0.6900156633
12,48,0.1654442766
13,19,0.1553047925
14,41,0.5346439297
15,28,0.9284587009
16,52,0.9792069982
17,72,0.5006330255
18,80,0.2794408454
19,86,0.100783875
20,52,0.3850278333